<?xml version="1.0" encoding="UTF-8" ?><list>
  <clothes id="A0001">
    <color>白色</color>
    <brand>VEROMMODA</brand>
    <size>S</size>
    <num>4</num>
    <price>274.0</price>
    <style>连衣裙</style>
    <description>夏季五分袖连衣裙</description>
  </clothes>
  <clothes id="A0002">
    <color>黑色</color>
    <brand>GAP</brand>
    <size>S</size>
    <num>8</num>
    <price>223.4</price>
    <style>短裙</style>
    <description>夏季超短裙</description>
  </clothes>
  <clothes id="A0003">
    <color>红色</color>
    <brand>H_M</brand>
    <size>X</size>
    <num>5</num>
    <price>443.0</price>
    <style>无袖上衣</style>
    <description>没有袖子的上衣</description>
  </clothes>
  <clothes id="A0004">
    <color>绿色</color>
    <brand>Only</brand>
    <size>S</size>
    <num>8</num>
    <price>112.5</price>
    <style>袖子</style>
    <description>和无袖上衣配套的袖子</description>
  </clothes>
  <clothes id="A0005">
    <color>白色</color>
    <brand>ETAM</brand>
    <size>S</size>
    <num>19</num>
    <price>168.3</price>
    <style>丝袜</style>
    <description>白丝无人可敌</description>
  </clothes>
  <clothes id="A0006">
    <color>肉色</color>
    <brand>Prada</brand>
    <size>S</size>
    <num>20</num>
    <price>234.1</price>
    <style>丝袜</style>
    <description>超紧的</description>
  </clothes>
  <clothes id="A0007">
    <color>黑色</color>
    <brand>Versace</brand>
    <size>S</size>
    <num>15</num>
    <price>343.0</price>
    <style>丝袜</style>
    <description>黑丝更好看</description>
  </clothes>
  <clothes id="A0008">
    <color>白色</color>
    <brand>Gucci</brand>
    <size>X</size>
    <num>23</num>
    <price>110.5</price>
    <style>手套</style>
    <description>贵妇必备</description>
  </clothes>
  <clothes id="A0009">
    <color>黄色</color>
    <brand>Burberry</brand>
    <size>XL</size>
    <num>39</num>
    <price>332.5</price>
    <style>帽子</style>
    <description>好看！</description>
  </clothes>
  <clothes id="A0010">
    <color>白色</color>
    <brand>TAHAN</brand>
    <size>XXL</size>
    <num>5</num>
    <price>1999.9</price>
    <style>丝巾</style>
    <description>全球限量五件！</description>
  </clothes>
  <clothes id="A0011">
    <color>蓝色</color>
    <brand>Dior</brand>
    <size>S</size>
    <num>19</num>
    <price>164.0</price>
    <style>吊带裙</style>
    <description>柔软碎花背心吊带裙</description>
  </clothes>
  <clothes id="A0012">
    <color>米黄</color>
    <brand>Louis Vuitton</brand>
    <size>X</size>
    <num>34</num>
    <price>664.0</price>
    <style>鞋子</style>
    <description>圆头小巧显可爱</description>
  </clothes>
  <clothes id="A0013">
    <color>粉色</color>
    <brand>Cououni</brand>
    <size>S</size>
    <num>2</num>
    <price>4459.0</price>
    <style>小伞</style>
    <description>全球限量，贵妇必备</description>
  </clothes>
  <clothes id="A0014">
    <color>紫色</color>
    <brand>Chanel</brand>
    <size>S</size>
    <num>89</num>
    <price>99.0</price>
    <style>墨镜</style>
    <description>防太阳光</description>
  </clothes>
  <clothes id="A0015">
    <color>黑色</color>
    <brand>Hermès</brand>
    <size>S</size>
    <num>47</num>
    <price>59.9</price>
    <style>束腰</style>
    <description>想减肥吗，嗯？那就买！</description>
  </clothes>
</list>